City_ID,City,Country,Lat,Lng,Max Temp,Humidity,Cloudiness,Wind Speed,Current Description
0,Ushuaia,AR,-54.8,-68.3,60.46,59,75,17.27,broken clouds
1,Hofn,IS,64.2539,-15.2082,27.0,67,0,16.11,clear sky
2,Thompson,CA,55.7435,-97.8558,-11.04,64,20,4.61,few clouds
3,Sorong,ID,-0.8833,131.25,80.29,81,100,11.25,overcast clouds
4,Mar Del Plata,AR,-38.0023,-57.5575,66.22,89,100,24.0,overcast clouds
5,Norilsk,RU,69.3535,88.2027,-26.07,100,44,1.54,scattered clouds
6,Vanimo,PG,-2.6741,141.3028,77.63,87,100,5.12,overcast clouds
7,New Norfolk,AU,-42.7826,147.0587,52.72,74,4,1.95,clear sky
8,Komsomolskiy,UZ,40.4272,71.7189,39.92,87,75,4.61,broken clouds
9,Luderitz,NA,-26.6481,15.1594,68.31,75,11,4.7,few clouds
10,Olinda,BR,-8.0089,-34.8553,85.73,54,40,9.22,scattered clouds
11,Antofagasta,CL,-23.65,-70.4,73.22,60,0,7.85,clear sky
12,Lydenburg,ZA,-25.0978,30.4597,59.27,89,65,6.62,broken clouds
13,Vao,NC,-22.6667,167.4833,79.95,84,84,1.05,broken clouds
14,Avarua,CK,-21.2078,-159.775,77.05,88,85,10.36,overcast clouds
15,Erzurum,TR,40.0,41.5,22.68,96,94,5.46,overcast clouds
16,Torbay,CA,47.6666,-52.7314,16.57,80,100,17.27,light snow
17,Canete,CL,-37.8,-73.4,74.66,44,0,8.39,clear sky
18,Hermanus,ZA,-34.4187,19.2345,67.89,89,9,8.19,clear sky
19,Pirmasens,DE,49.2015,7.6053,43.32,91,100,24.85,light rain
20,Naryan-Mar,RU,67.6713,53.087,9.5,88,100,15.66,overcast clouds
21,Hithadhoo,MV,-0.6,73.0833,82.47,73,32,12.55,scattered clouds
22,Morgan City,US,29.6994,-91.2068,55.99,43,0,6.91,clear sky
23,Dvorichna,UA,49.8496,37.6857,30.56,95,100,9.31,light snow
24,Aykhal,RU,66.0,111.5,-19.59,99,100,5.06,overcast clouds
25,Rikitea,PF,-23.1203,-134.9692,79.09,70,2,16.75,clear sky
26,Albany,US,42.6001,-73.9662,27.82,49,13,1.99,few clouds
27,Mataura,NZ,-46.1927,168.8643,42.48,90,10,0.92,clear sky
28,Khovu-Aksy,RU,51.1333,93.6,-13.58,81,10,6.51,clear sky
29,Kamenka,RU,51.3223,42.7678,24.75,98,93,5.23,overcast clouds
30,Kalemie,CD,-5.9475,29.1947,70.43,89,100,5.57,light rain
31,Guarapari,BR,-20.6667,-40.4975,85.89,69,4,20.22,clear sky
32,Busselton,AU,-33.65,115.3333,54.09,53,64,17.92,broken clouds
33,Bluff,NZ,-46.6,168.3333,41.81,78,6,4.79,clear sky
34,Tasiilaq,GL,65.6145,-37.6368,23.16,62,100,35.54,overcast clouds
35,Puerto Baquerizo Moreno,EC,-0.9,-89.6,81.59,69,20,16.11,few clouds
36,Dongying,CN,37.4564,118.4856,29.8,34,100,0.94,overcast clouds
37,Mehamn,NO,71.0357,27.8492,18.64,89,30,14.83,scattered clouds
38,Airai,TL,-8.9266,125.4092,60.82,89,92,1.16,overcast clouds
39,Pandaria,IN,22.2333,81.4167,56.1,31,3,3.67,clear sky
40,Cape Town,ZA,-33.9258,18.4232,69.1,76,20,5.75,few clouds
41,Ibb,YE,13.9667,44.1833,61.14,65,99,5.19,overcast clouds
42,Kalmunai,LK,7.4167,81.8167,75.9,81,100,7.29,overcast clouds
43,Ormara,PK,25.2088,64.6357,71.65,78,0,13.02,clear sky
44,Walvis Bay,NA,-22.9575,14.5053,74.35,68,100,4.61,overcast clouds
45,Upernavik,GL,72.7868,-56.1549,-12.98,97,100,6.58,overcast clouds
46,Inhambane,MZ,-23.865,35.3833,78.78,89,40,13.8,scattered clouds
47,Lebu,CL,-37.6167,-73.65,66.25,64,0,13.42,clear sky
48,Eyl,SO,7.9803,49.8164,75.09,71,100,16.4,overcast clouds
49,Los Llanos De Aridane,ES,28.6585,-17.9182,64.15,70,40,18.99,scattered clouds
50,Atuona,PF,-9.8,-139.0333,78.78,72,0,19.04,clear sky
51,Port Elizabeth,ZA,-33.918,25.5701,79.11,88,20,17.27,light rain
52,Presidencia Roque Saenz Pena,AR,-26.7852,-60.4388,87.03,26,0,9.19,clear sky
53,Biak,ID,-0.9131,122.8766,75.76,81,100,3.06,overcast clouds
54,Port Alfred,ZA,-33.5906,26.891,75.02,82,47,26.22,scattered clouds
55,Murud,IN,18.3258,72.965,69.57,73,33,3.27,scattered clouds
56,Solnechnyy,RU,50.7214,136.6319,-4.54,99,98,2.44,overcast clouds
57,North Bend,US,43.4065,-124.2243,54.86,80,0,6.91,clear sky
58,Kloulklubed,PW,7.0419,134.2556,80.82,82,100,23.09,light rain
59,Punta Arenas,CL,-53.15,-70.9167,69.91,49,75,16.11,broken clouds
60,Yellowknife,CA,62.456,-114.3525,-5.58,96,75,12.66,light snow
61,Southbridge,US,42.0751,-72.0334,29.05,52,100,1.01,overcast clouds
62,Castro,BR,-24.7911,-50.0119,77.86,67,29,6.71,moderate rain
63,Vila,PT,42.0304,-8.1588,45.48,67,100,4.68,overcast clouds
64,Howard Springs,AU,-12.497,131.047,78.71,98,86,2.89,overcast clouds
65,Port Macquarie,AU,-31.4333,152.9167,62.89,77,94,12.62,overcast clouds
66,Forte Dei Marmi,IT,43.9648,10.1724,56.57,83,100,7.36,overcast clouds
67,Kundiawa,PG,-6.0167,144.9667,58.93,96,100,1.39,overcast clouds
68,Loanda,AO,-8.8368,13.2343,78.8,73,20,10.36,few clouds
69,Hilo,US,19.7297,-155.09,70.25,92,100,5.75,heavy intensity rain
70,Lorengau,PG,-2.0226,147.2712,81.01,79,100,7.58,overcast clouds
71,Namibe,AO,-15.1961,12.1522,75.06,69,100,13.47,overcast clouds
72,Port Maria,JM,18.3685,-76.8895,85.96,78,14,10.58,few clouds
73,Berdigestyakh,RU,62.0989,126.6992,-23.35,100,95,4.21,overcast clouds
74,Provideniya,RU,64.3833,-173.3,-5.57,84,2,4.03,clear sky
75,Oneida,US,43.2001,-75.4663,30.92,53,0,8.99,clear sky
76,Jamestown,US,42.097,-79.2353,34.52,35,0,11.01,clear sky
77,Mumbwa,ZM,-14.9783,27.0619,64.29,99,93,3.58,moderate rain
78,Diffa,NE,13.3154,12.6113,68.36,15,1,8.23,clear sky
79,Bethel,US,41.3712,-73.414,29.17,56,0,5.75,clear sky
80,Bredasdorp,ZA,-34.5322,20.0403,70.92,73,0,8.05,clear sky
81,College,US,64.8569,-147.8028,-1.71,78,100,3.44,light snow
82,Urma,RU,42.5389,47.2864,14.41,50,63,3.51,broken clouds
83,Fairbanks,US,64.8378,-147.7164,-1.7,77,100,0.0,haze
84,Basco,PH,20.4487,121.9702,72.97,70,100,26.78,overcast clouds
85,Cherskiy,RU,68.75,161.3,-31.16,100,24,1.1,few clouds
86,Tuktoyaktuk,CA,69.4541,-133.0374,-22.0,76,100,18.41,light snow
87,Barrow,US,71.2906,-156.7887,-23.78,76,40,6.91,haze
88,Butaritari,KI,3.0707,172.7902,81.39,77,34,15.23,light rain
89,Puro,PH,12.4841,123.3827,76.33,87,78,8.84,broken clouds
90,Puerto Ayora,EC,-0.7393,-90.3518,84.16,85,58,5.99,broken clouds
91,Kapaa,US,22.0752,-159.319,74.19,78,75,11.5,light rain
92,Fort Nelson,CA,58.8053,-122.7002,11.79,92,40,8.05,scattered clouds
93,Rio Grande,BR,-32.035,-52.0986,78.91,56,56,13.24,broken clouds
94,Georgetown,MY,5.4112,100.3354,78.73,92,40,0.0,scattered clouds
95,Surgut,RU,61.25,73.4167,-1.91,84,0,11.01,clear sky
96,Durban,ZA,-29.8579,31.0292,74.01,91,35,1.01,moderate rain
97,Tateyama,JP,34.9833,139.8667,34.02,50,98,10.69,overcast clouds
98,Bilibino,RU,68.0546,166.4372,-17.84,77,2,4.25,clear sky
99,Tiarei,PF,-17.5333,-149.3333,86.02,76,52,21.85,light rain
100,Kiama,AU,-34.6833,150.8667,64.38,88,87,1.99,light rain
101,Broome,US,42.2506,-75.833,29.62,63,0,3.0,clear sky
102,Dingle,PH,10.9995,122.6711,73.38,89,63,8.48,broken clouds
103,Kodiak,US,57.79,-152.4072,36.91,70,0,5.75,clear sky
104,Severo-Kurilsk,RU,50.6789,156.125,29.68,83,100,14.97,overcast clouds
105,Abdanan,IR,32.9926,47.4198,45.18,55,0,3.8,clear sky
106,Mastic Beach,US,40.7668,-72.8521,32.22,68,0,3.0,clear sky
107,Pinega,RU,64.7001,43.3936,16.27,93,100,8.79,overcast clouds
108,Victor Harbor,AU,-35.5667,138.6167,77.72,60,0,7.36,clear sky
109,Troitsko-Pechorsk,RU,62.7084,56.1964,13.57,88,100,8.66,overcast clouds
110,Sicamous,CA,50.8331,-118.9856,39.18,98,26,0.6,scattered clouds
111,Aksarka,RU,66.5606,67.7975,-17.27,100,87,6.53,overcast clouds
112,Portland,US,45.5234,-122.6762,55.27,80,100,3.0,fog
113,Mecca,SA,21.4267,39.8261,69.15,39,5,6.04,clear sky
114,Maple Creek,CA,49.9168,-109.4848,45.01,52,100,9.22,overcast clouds
115,Rio Gallegos,AR,-51.6226,-69.2181,77.05,33,40,19.57,scattered clouds
116,Chokurdakh,RU,70.6333,147.9167,-39.37,100,87,2.51,overcast clouds
117,Pudozh,RU,61.8099,36.5345,14.27,93,98,7.76,overcast clouds
118,Vaini,TO,-21.2,-175.2,75.36,94,100,12.66,light rain
119,East London,ZA,-33.0153,27.9116,72.54,88,20,12.66,few clouds
120,Souillac,MU,-20.5167,57.5167,79.36,89,40,11.5,scattered clouds
121,Sakakah,SA,29.9697,40.2064,51.37,51,1,8.41,clear sky
122,Qaanaaq,GL,77.484,-69.3632,-12.6,58,32,8.34,scattered clouds
123,Tiksi,RU,71.6872,128.8694,-14.96,98,100,3.71,overcast clouds
124,Hasaki,JP,35.7333,140.8333,28.8,43,0,24.02,clear sky
125,Santa Vitoria,BR,-18.8386,-50.1214,82.35,67,97,1.5,overcast clouds
126,Zyryanovsk,KZ,49.7386,84.2719,-12.96,96,72,2.46,broken clouds
127,Lata,PT,40.1629,-8.3327,52.81,61,1,3.94,clear sky
128,Hami,CN,42.8,93.45,26.6,32,17,12.95,few clouds
129,Te Anau,NZ,-45.4167,167.7167,41.56,88,15,1.14,few clouds
130,Vila Velha,BR,-20.3297,-40.2925,85.95,80,20,7.0,few clouds
131,Port Blair,IN,11.6667,92.75,78.66,81,12,9.93,few clouds
132,Bud,US,39.447,-86.1758,38.7,56,0,6.93,clear sky
133,Saint Anthony,US,45.0205,-93.218,22.93,74,100,5.01,overcast clouds
134,Dikson,RU,73.5069,80.5464,-20.54,99,94,9.64,overcast clouds
135,Beloha,MG,-25.1667,45.05,74.12,94,100,19.26,moderate rain
136,Palu,ID,-0.8917,119.8707,75.33,91,100,3.2,overcast clouds
137,Hobart,AU,-42.8794,147.3294,53.06,87,5,9.22,clear sky
138,Dawson Creek,CA,55.7666,-120.2362,42.44,45,0,25.32,clear sky
139,Ponta Do Sol,PT,32.6667,-17.1,63.23,53,6,10.54,clear sky
140,Bousso,TD,10.4795,16.7117,79.9,16,79,7.36,broken clouds
141,Pevek,RU,69.7008,170.3133,-24.34,99,33,1.05,scattered clouds
142,Muros,ES,42.7762,-9.0603,52.84,70,47,10.63,scattered clouds
143,Jumla,NP,29.2747,82.1838,34.07,61,94,5.55,overcast clouds
144,Taltal,CL,-25.4,-70.4833,71.62,62,24,5.68,few clouds
145,Colares,PT,38.7992,-9.4469,61.29,49,0,5.01,clear sky
146,Tigre,AR,-34.426,-58.5796,72.19,53,75,13.8,broken clouds
147,Labuan,MY,5.2767,115.2417,80.96,78,20,3.0,few clouds
148,Surt,LY,31.2089,16.5887,61.14,52,4,5.5,clear sky
149,Zhigansk,RU,66.7697,123.3711,-25.56,99,96,6.49,overcast clouds
150,Mount Gambier,AU,-37.8333,140.7667,60.71,67,0,6.91,clear sky
151,Yarada,IN,17.65,83.2667,70.12,83,20,2.3,mist
152,Darhan,MN,49.4867,105.9228,-3.82,92,23,5.82,light snow
153,Atambua,ID,-9.1061,124.8925,74.55,85,45,1.39,scattered clouds
154,Road Town,VG,18.4167,-64.6167,75.29,94,40,10.36,scattered clouds
155,Saldanha,ZA,-33.0117,17.9442,68.05,95,38,8.63,scattered clouds
156,Maragogi,BR,-9.0122,-35.2225,82.74,66,100,14.25,overcast clouds
157,Manggar,ID,-2.8833,108.2667,78.93,86,100,9.06,light rain
158,Barvinkove,UA,48.9097,37.0205,30.83,90,100,7.92,snow
159,Jiaonan,CN,35.8786,119.9753,21.22,42,100,4.81,overcast clouds
160,Mandla,IN,22.6,80.3833,57.63,25,0,2.21,clear sky
161,Altamira,BR,-3.2033,-52.2064,87.89,66,75,3.44,moderate rain
162,Mahebourg,MU,-20.4081,57.7,79.25,89,40,11.5,scattered clouds
163,Sakharovo,RU,56.8995,36.0502,26.47,97,100,6.2,overcast clouds
164,Codrington,AU,-38.2667,141.9667,57.51,77,0,9.08,clear sky
165,The Valley,AI,18.217,-63.0578,77.14,73,75,14.97,broken clouds
166,Keti Bandar,PK,24.1447,67.4497,70.38,66,0,11.27,clear sky
167,Lebanon,US,36.2081,-86.2911,51.17,51,0,13.8,clear sky
168,Ribeira Grande,PT,38.5167,-28.7,63.0,82,75,12.66,broken clouds
169,Ambilobe,MG,-13.2,49.05,75.56,92,100,3.13,light rain
170,Ugoofaaru,MV,5.6667,73.0,81.19,67,68,10.2,broken clouds
171,Marsabit,KE,2.3284,37.9899,75.33,30,55,6.58,broken clouds
172,Santiago Del Estero,AR,-27.7951,-64.2615,84.47,31,4,6.24,clear sky
173,Luanda,AO,-8.8368,13.2343,78.8,73,20,10.36,few clouds
174,Faanui,PF,-16.4833,-151.75,81.23,75,100,22.88,overcast clouds
175,Touros,BR,-5.1989,-35.4608,88.7,63,1,13.51,clear sky
176,Beidao,CN,34.5686,105.8933,22.37,87,100,2.62,overcast clouds
177,Beisfjord,NO,68.3751,17.5988,30.25,82,100,9.42,overcast clouds
178,Vryburg,ZA,-26.9566,24.7284,73.78,49,98,5.03,overcast clouds
179,Esperance,AU,-33.8667,121.9,62.44,71,100,23.47,overcast clouds
180,Hay River,CA,60.8156,-115.7999,17.56,86,100,12.66,snow
181,Longyearbyen,SJ,78.2186,15.6401,17.44,67,40,18.41,scattered clouds
182,Upata,VE,8.0086,-62.3989,82.62,62,63,5.48,broken clouds
183,Cabo San Lucas,MX,22.8909,-109.9124,76.17,66,0,5.01,clear sky
184,Ilulissat,GL,69.2167,-51.1,-1.14,92,100,2.19,overcast clouds
185,Kerchevskiy,RU,59.946,56.2884,15.6,87,100,7.47,overcast clouds
186,Umm Lajj,SA,25.0213,37.2685,67.28,49,0,19.57,clear sky
187,Gamba,GA,-2.65,10.0,77.59,84,64,5.5,broken clouds
188,Sabla,NG,12.7525,4.7077,77.85,14,0,9.48,clear sky
189,Nome,US,64.5011,-165.4064,-11.29,88,0,9.15,clear sky
190,Nikel,RU,69.4128,30.222,19.58,95,10,7.43,clear sky
191,Mingaora,PK,34.7758,72.3625,44.65,84,100,0.87,overcast clouds
192,Ostrovnoy,RU,68.0531,39.5131,13.96,86,98,22.37,overcast clouds
193,Kavieng,PG,-2.5744,150.7967,81.16,77,82,3.47,broken clouds
194,Olenegorsk,RU,68.15,33.3,0.37,98,65,4.0,broken clouds
195,Severo-Yeniseyskiy,RU,60.3725,93.0408,6.53,98,100,0.65,overcast clouds
196,Quirinopolis,BR,-18.4483,-50.4517,83.17,66,98,1.03,overcast clouds
197,Male,MV,4.1748,73.5089,82.35,74,75,9.22,broken clouds
198,Da Lat,VN,11.9465,108.4419,56.03,98,100,2.73,overcast clouds
199,Smithers,CA,54.7804,-127.1743,35.92,64,40,3.44,scattered clouds
200,Kudahuvadhoo,MV,2.6708,72.8944,81.88,64,30,10.56,scattered clouds
201,Vardo,NO,70.3705,31.1107,23.2,78,74,21.72,broken clouds
202,Miraflores,MX,19.2167,-98.8083,68.65,35,30,3.76,scattered clouds
203,Tessalit,ML,20.1986,1.0114,70.7,10,0,6.76,clear sky
204,Vagay,RU,57.9375,69.0217,7.05,93,100,4.83,overcast clouds
205,San Francisco,US,37.7749,-122.4194,64.35,66,20,1.01,few clouds
206,Kamaishi,JP,39.2667,141.8833,26.15,62,3,6.08,clear sky
207,Maungatapere,NZ,-35.75,174.2,72.09,100,100,2.26,overcast clouds
208,Arraial Do Cabo,BR,-22.9661,-42.0278,89.56,62,0,19.57,clear sky
209,Stony Plain,CA,53.5334,-114.0021,43.83,74,68,15.9,broken clouds
210,Paita,PE,-5.0892,-81.1144,84.76,66,54,15.08,broken clouds
211,Cockburn Town,TC,21.4612,-71.1419,80.56,44,20,14.97,few clouds
212,Narsaq,GL,60.9167,-46.05,9.37,72,100,1.16,overcast clouds
213,Phonhong,LA,18.5007,102.4166,66.13,84,100,2.91,overcast clouds
214,Jiazi,CN,22.8779,116.067,56.89,83,100,19.57,overcast clouds
215,Celendin,PE,-6.8703,-78.1517,66.72,70,100,2.84,light rain
216,Batagay-Alyta,RU,67.8006,130.4114,-24.63,99,100,2.48,overcast clouds
217,Ancud,CL,-41.8697,-73.8203,75.22,66,10,6.38,clear sky
218,Bayir,TR,37.2687,28.2167,39.72,71,0,2.53,clear sky
219,Baykit,RU,61.67,96.37,-6.41,100,100,2.53,overcast clouds
220,Jalpan,MX,21.2333,-99.4833,77.04,31,0,6.58,clear sky
221,Dakar,SN,14.6937,-17.4441,81.48,73,0,13.8,clear sky
222,Maracacume,BR,-2.0428,-45.9592,79.11,90,100,4.29,overcast clouds
223,Blagodatnoye,RU,45.3997,42.5867,31.12,91,100,24.54,light snow
224,Bengkulu,ID,-3.8004,102.2655,76.1,88,100,9.84,overcast clouds
225,Bambous Virieux,MU,-20.3428,57.7575,79.21,89,40,11.5,scattered clouds
226,Mogadishu,SO,2.0371,45.3438,77.38,82,43,19.01,scattered clouds
227,Prince Rupert,CA,54.3161,-130.3201,46.49,76,100,18.41,overcast clouds
228,Kirkuk,IQ,35.4681,44.3922,46.44,54,100,2.57,overcast clouds
229,Petropavlovsk-Kamchatskiy,RU,53.0452,158.6483,27.19,69,75,17.9,light shower snow
230,Meulaboh,ID,4.1363,96.1285,76.14,90,100,6.53,overcast clouds
231,Saint-Philippe,RE,-21.3585,55.7679,78.39,80,99,15.5,overcast clouds
232,Lakselv,NO,70.0513,24.9718,26.42,86,75,20.71,broken clouds
233,Comodoro Rivadavia,AR,-45.8667,-67.5,76.86,31,0,13.8,clear sky
234,Constitucion,CL,-35.3333,-72.4167,71.74,56,13,9.75,few clouds
235,Altay,CN,47.8667,88.1167,8.44,46,10,10.09,clear sky
236,New Baltimore,US,42.6811,-82.7369,34.52,57,7,14.52,clear sky
237,El Tigre,VE,8.8875,-64.2454,93.74,31,46,9.71,scattered clouds
238,Nantucket,US,41.2835,-70.0995,32.97,69,100,4.9,overcast clouds
239,Labuhan,ID,-6.8844,112.2051,77.36,91,100,6.87,overcast clouds
240,Nha Trang,VN,12.25,109.1833,73.4,92,66,5.68,broken clouds
241,Kaeo,NZ,-35.1,173.7833,73.33,98,100,4.65,overcast clouds
242,Tromso,NO,69.6496,18.957,30.22,64,0,18.41,clear sky
243,Koutsouras,GR,35.0339,25.9469,57.11,78,6,1.52,clear sky
244,Rudbar,AF,30.15,62.6,55.81,26,0,7.67,clear sky
245,Coquimbo,CL,-29.9533,-71.3436,69.73,67,41,5.99,scattered clouds
246,Salvador,SV,13.8333,-88.9167,90.61,29,12,1.43,few clouds
247,Imbituba,BR,-28.24,-48.6703,82.29,75,53,11.59,broken clouds
248,Carnarvon,AU,-24.8667,113.6333,75.27,69,100,21.85,overcast clouds
249,Port Pirie,AU,-33.1833,138.0167,66.29,34,4,14.27,clear sky
250,Norman Wells,CA,65.282,-126.8329,-14.76,70,75,12.66,broken clouds
251,Okhotsk,RU,59.3833,143.3,-0.83,69,100,12.15,overcast clouds
252,Kuji,JP,40.1878,141.7689,25.72,73,13,15.26,few clouds
253,Saskylakh,RU,71.9167,114.0833,-24.65,100,95,1.61,overcast clouds
254,Fallon,US,39.4735,-118.7774,49.91,38,0,5.1,clear sky
255,Le Port,RE,-20.9373,55.2919,78.8,74,93,12.84,overcast clouds
256,Xai-Xai,MZ,-25.0519,33.6442,76.84,80,16,15.61,light rain
257,Dandong,CN,40.1292,124.3947,11.73,86,10,3.18,clear sky
258,Amambai,BR,-23.1042,-55.2258,86.88,37,59,8.46,broken clouds
259,Les Cayes,HT,18.2,-73.75,82.71,53,2,10.11,clear sky
260,Uthal,PK,25.8072,66.6219,69.03,74,11,4.61,few clouds
261,Hunsur,IN,12.3075,76.2878,66.16,82,28,3.87,scattered clouds
262,Denpasar,ID,-8.65,115.2167,78.46,94,20,1.14,few clouds
263,Awjilah,LY,29.1081,21.2869,60.94,28,6,4.23,clear sky
264,Darnetal,FR,49.4453,1.1514,51.37,88,100,1.01,mist
265,Matagami,CA,49.7502,-77.6328,10.51,79,100,12.66,light snow
266,Davidson,US,36.1501,-86.7833,50.41,41,0,8.01,clear sky
267,Mbanza-Ngungu,CD,-5.25,14.8667,70.02,89,72,2.26,broken clouds
268,Raudeberg,NO,61.9875,5.1352,38.86,86,87,1.99,overcast clouds
269,Shumskiy,RU,54.8318,99.1328,12.16,96,100,2.44,overcast clouds
270,Naica,MX,27.85,-105.4833,59.56,21,0,1.88,clear sky
271,Gat,IL,31.61,34.7642,54.91,83,0,5.59,clear sky
272,Banda Aceh,ID,5.5577,95.3222,76.35,91,100,8.37,overcast clouds
273,Chuy,UY,-33.6971,-53.4616,75.27,39,3,16.82,clear sky
274,Beyneu,KZ,45.3167,55.2,28.31,79,21,6.4,few clouds
275,Antalaha,MG,-14.9003,50.2788,76.8,85,100,4.97,overcast clouds
276,Raga,SS,8.4596,25.678,69.91,18,95,4.36,overcast clouds
277,Idil,TR,37.3411,41.8895,40.53,58,100,2.19,overcast clouds
278,Khatanga,RU,71.9667,102.5,-18.33,98,99,8.61,overcast clouds
279,Chaihe,CN,44.7667,129.7,-8.32,98,53,4.5,broken clouds
280,Sanming,CN,26.2486,117.6186,50.0,97,100,3.71,moderate rain
281,Mae Chan,TH,20.1467,99.8526,64.06,99,53,1.45,broken clouds
282,Riyadh,SA,24.6877,46.7219,55.54,39,0,8.23,clear sky
283,San Pedro De Macoris,DO,18.4616,-69.2972,77.38,80,86,12.88,overcast clouds
284,Yulara,AU,-25.2406,130.9889,69.64,43,0,6.91,clear sky
285,Anadyr,RU,64.75,177.4833,-17.9,76,0,8.95,clear sky
286,Ahipara,NZ,-35.1667,173.1667,72.84,98,100,6.71,overcast clouds
287,Huarmey,PE,-10.0681,-78.1522,75.54,70,24,11.36,few clouds
288,Kemin,KG,42.7846,75.6892,31.12,83,100,5.28,light snow
289,Uglich,RU,57.5275,38.3317,16.95,98,84,5.48,broken clouds
290,Igarka,RU,67.4667,86.5833,-14.39,100,86,7.36,overcast clouds
291,Richards Bay,ZA,-28.783,32.0377,72.01,91,28,4.65,moderate rain
292,Port Lincoln,AU,-34.7333,135.8667,70.99,69,0,12.59,clear sky
293,Tuatapere,NZ,-46.1333,167.6833,42.82,84,5,3.0,clear sky
294,Pochutla,MX,15.7432,-96.4661,88.83,37,0,10.13,clear sky
295,Kahului,US,20.8947,-156.47,76.84,77,20,12.66,few clouds
296,Port Hardy,CA,50.6996,-127.4199,46.76,81,100,14.97,overcast clouds
297,Acarau,BR,-2.8856,-40.12,84.52,65,100,15.73,overcast clouds
298,Hengshui,CN,37.7322,115.7011,30.69,43,100,1.5,overcast clouds
299,Mbandaka,CD,0.0487,18.2603,80.29,34,8,4.85,clear sky
300,Klaksvik,FO,62.2266,-6.589,36.52,59,81,35.88,broken clouds
301,Flinders,AU,-34.5833,150.8552,64.2,85,77,11.01,light rain
302,Worthington,US,40.0931,-83.018,36.55,62,5,1.01,moderate rain
303,Kropotkin,RU,45.4375,40.5756,34.23,76,100,13.87,overcast clouds
304,Pitea,SE,65.3172,21.4794,31.08,98,100,4.43,snow
305,Mahon,ES,39.8885,4.2658,46.96,81,20,2.3,few clouds
306,Oussouye,SN,12.485,-16.5469,96.98,38,1,7.07,clear sky
307,Yar-Sale,RU,66.8333,70.8333,-12.24,100,88,7.63,overcast clouds
308,Chenzhou,CN,25.8,113.0333,46.27,97,100,3.94,overcast clouds
309,Khomeyn,IR,33.6423,50.0789,28.45,64,1,5.53,clear sky
310,Asau,RO,46.4333,26.4,41.4,69,100,6.15,overcast clouds
311,Nikolskoye,RU,59.7035,30.7861,35.87,94,100,12.28,light snow
312,Pauini,BR,-7.7136,-66.9764,86.61,60,54,1.61,broken clouds
313,Geeste,DE,52.6,7.2667,41.67,93,100,6.91,overcast clouds
314,Dunedin,NZ,-45.8742,170.5036,53.8,77,0,3.13,clear sky
315,Koudougou,BF,12.25,-2.3667,83.35,9,0,7.81,clear sky
316,Pacific Grove,US,36.6177,-121.9166,67.39,53,0,3.0,clear sky
317,Lavrentiya,RU,65.5833,-171.0,-12.37,93,5,6.89,clear sky
318,Kieta,PG,-6.2167,155.6333,79.36,83,100,7.56,overcast clouds
319,Senanga,ZM,-16.1167,23.2667,68.65,91,100,8.48,moderate rain
320,La Ronge,CA,55.1001,-105.2842,-1.95,78,100,8.05,overcast clouds
321,San Quintin,MX,30.4833,-115.95,64.2,27,0,4.54,clear sky
322,Mount Isa,AU,-20.7333,139.5,76.77,65,75,5.75,broken clouds
323,Ntcheu,MW,-14.8203,34.6359,62.55,92,6,3.09,clear sky
324,Sioux Lookout,CA,50.1001,-91.917,8.67,66,20,3.44,few clouds
325,Victoria,HK,22.2855,114.1577,62.26,84,100,8.99,overcast clouds
326,Scarborough,GB,54.2797,-0.4044,40.51,80,44,4.0,scattered clouds
327,Guerrero Negro,MX,27.9769,-114.0611,66.49,26,0,4.5,clear sky
328,Hamilton,US,39.1834,-84.5333,39.83,59,2,1.01,clear sky
329,Manakara,MG,-22.1333,48.0167,78.51,93,100,14.72,moderate rain
330,Hirara,JP,24.8,125.2833,64.53,65,43,17.36,scattered clouds
331,Leningradskiy,RU,69.3833,178.4167,-22.76,98,28,6.62,scattered clouds
332,Luba,GQ,3.4568,8.5547,80.49,82,6,9.08,clear sky
333,Seminole,US,28.7086,-81.2081,71.06,88,100,1.99,overcast clouds
334,Sasaram,IN,24.951,84.0149,51.53,69,0,0.6,clear sky
335,Tiradentes,BR,-21.1103,-44.1781,72.01,94,100,6.2,overcast clouds
336,Sunrise Manor,US,36.2111,-115.0731,63.25,18,0,8.99,clear sky
337,Porto Walter,BR,-8.2686,-72.7439,88.29,58,100,3.62,overcast clouds
338,Chara,RU,56.9064,118.2631,-5.4,85,100,2.13,overcast clouds
339,Ryotsu,JP,38.0833,138.4333,31.8,76,100,16.49,light snow
340,Cidreira,BR,-30.1811,-50.2056,81.25,51,0,11.86,clear sky
341,Ossora,RU,59.2353,163.0719,5.59,77,100,10.69,overcast clouds
342,Fortuna,US,40.5982,-124.1573,59.94,66,0,1.99,clear sky
343,Hakodate,JP,41.7758,140.7367,21.36,87,28,6.85,scattered clouds
344,Nanortalik,GL,60.1432,-45.2371,15.22,67,100,20.65,overcast clouds
345,Lincoln,US,40.8,-96.667,44.98,55,93,5.99,overcast clouds
346,Dingli,MT,35.8614,14.3822,54.81,94,20,4.61,few clouds
347,Zharkent,KZ,44.1628,80.0,26.58,51,89,1.01,overcast clouds
348,Ulladulla,AU,-35.35,150.4667,60.76,82,51,8.99,broken clouds
349,Kenai,US,60.5544,-151.2583,19.15,91,100,2.08,overcast clouds
350,Beringovskiy,RU,63.05,179.3167,-18.35,98,46,7.49,scattered clouds
351,Grand Gaube,MU,-20.0064,57.6608,79.38,80,91,3.0,overcast clouds
352,Kabare,CD,-2.4683,28.8242,60.78,93,30,1.79,scattered clouds
353,Vanderhoof,CA,54.0166,-124.0198,35.29,81,100,3.18,overcast clouds
354,Turochak,RU,52.2576,87.1224,-0.47,99,37,2.82,scattered clouds
355,Ifakara,TZ,-8.1333,36.6833,72.68,89,100,2.91,light rain
356,Peruibe,BR,-24.32,-46.9983,78.98,91,76,2.62,moderate rain
357,Agadez,NE,19.75,10.25,61.63,14,0,6.24,clear sky
358,Otradnoye,RU,59.7775,30.8181,36.03,94,100,12.35,light snow
359,Coari,BR,-4.085,-63.1414,82.92,83,83,2.84,heavy intensity rain
360,Pantai Remis,MY,4.4557,100.6288,77.02,86,100,1.61,moderate rain
361,Disna,BY,55.568,28.1971,32.99,97,100,15.46,light snow
362,Wewak,PG,-3.5534,143.6268,77.67,89,100,5.32,overcast clouds
363,Bohodukhiv,UA,50.1647,35.5276,32.04,97,94,7.49,overcast clouds
364,Suicheng,CN,33.8963,117.9331,33.33,62,100,6.11,light snow
365,Sao Bento Do Sul,BR,-26.2503,-49.3786,76.05,60,100,2.35,overcast clouds
366,Alofi,NU,-19.0595,-169.9187,75.09,94,100,4.61,overcast clouds
367,Takaungu,KE,-3.6837,39.8566,81.09,91,98,4.09,overcast clouds
368,Winnemucca,US,40.973,-117.7357,43.11,35,4,3.11,clear sky
369,Mutoko,ZW,-17.397,32.2268,64.22,83,46,1.59,light rain
370,Pangnirtung,CA,66.1451,-65.7125,-31.0,68,75,0.0,broken clouds
371,Koulikoro,ML,14.0,-7.75,77.11,8,0,9.08,clear sky
372,Qui Nhon,VN,13.7667,109.2333,70.29,89,79,7.38,broken clouds
373,Uyuni,BO,-20.4597,-66.825,63.45,20,100,10.78,overcast clouds
374,Beni Mazar,EG,28.4962,30.8029,57.07,43,0,6.64,clear sky
375,Skjervoy,NO,70.0311,20.9714,32.18,67,92,18.48,overcast clouds
376,Kattivakkam,IN,13.2167,80.3167,80.08,76,100,9.6,overcast clouds
377,Rastede,DE,53.25,8.2,41.04,73,100,21.77,overcast clouds
378,Revelstoke,CA,50.9832,-118.2023,32.02,100,100,2.3,overcast clouds
379,Oranjemund,NA,-28.55,16.4333,67.06,71,52,8.1,broken clouds
380,Soledade,BR,-28.8183,-52.5103,79.84,28,0,11.88,clear sky
381,Cap Malheureux,MU,-19.9842,57.6142,79.47,80,84,3.0,broken clouds
382,Havre-Saint-Pierre,CA,50.2334,-63.5986,5.59,51,0,16.11,clear sky
383,Mahibadhoo,MV,3.7833,72.9667,81.81,64,11,10.6,few clouds
384,Saint-Pierre,RE,-21.3393,55.4781,78.48,78,0,4.61,clear sky
385,Dwarka,IN,22.2394,68.9678,69.19,61,5,7.34,clear sky
386,Saint-Augustin,CA,51.226,-58.6502,-1.89,71,6,14.27,clear sky
387,Bubaque,GW,11.2833,-15.8333,77.77,71,1,15.82,clear sky
388,Okitipupa,NG,6.5047,4.7839,75.74,85,0,4.07,clear sky
389,Kozhva,RU,65.1073,57.0459,10.78,83,57,9.06,broken clouds
390,Hastings,GB,50.8552,0.5729,50.32,73,21,26.44,few clouds
391,Husavik,IS,66.0449,-17.3389,24.71,77,100,8.23,overcast clouds
392,Kaitangata,NZ,-46.2817,169.8464,43.86,88,10,1.45,clear sky
393,Koumac,NC,-20.5667,164.2833,78.66,87,100,7.56,overcast clouds
394,Wollongong,AU,-34.4333,150.8833,67.75,83,65,11.12,light rain
395,Bonthe,SL,7.5264,-12.505,80.64,75,36,10.45,scattered clouds
396,Kijang,KR,35.2442,129.2139,31.1,47,0,5.66,clear sky
397,Cabedelo,BR,-6.9811,-34.8339,82.62,62,20,10.45,few clouds
398,Plouzane,FR,48.3833,-4.6167,53.69,90,100,18.41,overcast clouds
399,Riberalta,BO,-10.9833,-66.1,82.89,78,100,0.69,overcast clouds
400,Bakchar,RU,57.0186,82.0711,9.03,89,100,5.06,overcast clouds
401,Berlevag,NO,70.8578,29.0864,21.09,85,41,18.01,scattered clouds
402,Granada,ES,37.25,-3.25,46.35,75,4,2.46,clear sky
403,Mago,RU,53.2514,140.1822,-1.44,97,100,2.75,overcast clouds
404,Shar,KZ,49.5886,81.0453,-0.56,77,0,3.15,clear sky
405,Geraldton,AU,-28.7667,114.6,70.21,49,100,10.36,overcast clouds
406,Chicama,PE,-7.8447,-79.1469,79.52,57,95,11.68,overcast clouds
407,Kouvaras,GR,37.8333,23.9667,52.45,70,11,1.88,few clouds
408,Ikalamavony,MG,-21.15,46.5833,68.74,89,96,4.09,overcast clouds
409,Leh,IN,34.1667,77.5833,11.52,87,96,3.89,overcast clouds
410,Sampit,ID,-2.5333,112.95,73.65,99,100,2.53,overcast clouds
411,Fuyang,CN,32.9,115.8167,31.17,90,100,6.08,light snow
412,Lodwar,KE,3.1191,35.5973,89.96,22,100,1.97,overcast clouds
413,Bara,NG,10.3744,10.7288,75.04,19,2,7.67,clear sky
414,Caravelas,BR,-17.7125,-39.2481,83.34,65,7,10.25,clear sky
415,Isangel,VU,-19.55,169.2667,79.72,90,100,13.91,light rain
416,Charters Towers,AU,-20.1,146.2667,69.17,79,100,5.5,overcast clouds
417,Verkhoshizhemye,RU,58.011,49.1038,20.32,97,100,0.96,light snow
418,Tabora,TZ,-5.0167,32.8,67.41,87,100,3.22,overcast clouds
419,Ndele,CF,8.4109,20.6473,76.51,15,67,6.17,broken clouds
420,Gigante,CO,2.3868,-75.5453,76.55,78,87,0.74,overcast clouds
421,Gibsons,CA,49.3997,-123.5027,48.99,94,98,3.49,overcast clouds
422,Palmer,US,42.1584,-72.3287,29.28,39,100,7.0,overcast clouds
423,Padang,ID,-0.9492,100.3543,77.04,75,100,3.47,moderate rain
424,Point Pleasant,US,40.0832,-74.0682,37.22,63,66,4.0,broken clouds
425,Lokosovo,RU,61.1333,74.8167,1.24,97,39,7.74,scattered clouds
426,Jaciara,BR,-15.9653,-54.9683,79.02,86,100,2.33,overcast clouds
427,Imeni Zhelyabova,RU,58.9544,36.5956,14.16,96,95,6.58,overcast clouds
428,Santa Cruz De La Palma,ES,28.6835,-17.7642,68.14,77,40,16.11,scattered clouds
429,Kirakira,SB,-10.4544,161.9205,80.85,86,99,7.78,overcast clouds
430,Acapulco,MX,16.8634,-99.8901,84.97,51,40,10.65,scattered clouds
431,Gerardmer,FR,48.0735,6.8779,42.48,97,100,22.37,light rain
432,Ambon,ID,-3.6954,128.1814,75.34,94,40,5.75,light rain
433,San Patricio,US,28.017,-97.5169,63.16,60,6,5.26,clear sky
434,Veraval,IN,20.9,70.3667,67.21,71,6,9.35,clear sky
435,Valencia,ES,39.3333,-0.8333,52.02,85,68,3.2,broken clouds
436,Wageningen,NL,51.9667,5.6667,42.89,89,75,13.8,broken clouds
437,Thinadhoo,MV,0.5333,72.9333,82.62,69,75,11.05,broken clouds
438,Kirov,RU,58.5966,49.6601,17.82,97,100,3.13,snow
439,Ibra,OM,22.6906,58.5334,67.1,47,2,6.4,clear sky
440,La Baneza,ES,42.3003,-5.8977,45.64,46,100,2.15,overcast clouds
441,Port Hedland,AU,-20.3167,118.5667,84.25,89,75,3.44,broken clouds
442,Liwale,TZ,-9.7667,37.9333,73.47,81,100,4.21,overcast clouds
443,Repedea,RO,47.8333,24.4,27.28,97,99,3.58,light snow
444,Lodi,US,38.1302,-121.2725,63.84,60,0,1.99,clear sky
445,Polunochnoye,RU,60.8697,60.4153,6.01,97,100,4.16,overcast clouds
446,Gobabis,NA,-22.45,18.9667,71.87,57,48,6.71,scattered clouds
447,Bethanien,NA,-26.502,17.1583,70.56,71,100,18.03,moderate rain
448,Volksrust,ZA,-27.3654,29.8818,54.36,97,17,3.53,few clouds
449,Clyde River,CA,70.4692,-68.5914,-31.31,97,98,5.21,overcast clouds
450,Vostok,RU,46.4856,135.8833,-11.09,99,97,3.98,overcast clouds
451,Liberal,US,37.0431,-100.921,46.51,61,0,19.57,clear sky
452,Tupik,RU,54.4253,119.9327,-3.42,97,100,1.3,overcast clouds
453,Tagusao,PH,9.1924,117.8141,77.31,83,90,5.68,overcast clouds
454,Luau,AO,-10.7073,22.2247,65.61,88,100,3.11,overcast clouds
455,Xining,CN,36.6167,101.7667,9.14,93,62,1.19,broken clouds
456,Bogotol,RU,56.2078,89.5342,8.29,90,100,5.46,overcast clouds
457,Sitka,US,57.0531,-135.33,44.49,81,100,18.41,moderate rain
458,Cacapava Do Sul,BR,-30.5122,-53.4914,77.94,31,5,14.74,clear sky
459,Santarem,BR,-2.4431,-54.7083,81.43,78,100,2.46,light rain
460,Belaya Gora,RU,68.5333,146.4167,-42.79,100,69,0.92,broken clouds
461,Uporovo,RU,56.3109,66.2693,4.55,81,95,7.61,overcast clouds
462,Bafq,IR,31.6128,55.4107,49.24,26,0,4.43,clear sky
463,Alanya,TR,36.5438,31.9998,52.59,53,0,7.61,clear sky
464,Hazorasp,UZ,41.3194,61.0742,31.84,63,6,6.24,clear sky
465,Olafsvik,IS,64.8945,-23.7142,28.08,70,100,16.98,overcast clouds
466,Sukhodol,RU,53.9006,51.2117,19.42,98,99,2.15,overcast clouds
467,Ozimek,PL,50.6794,18.2137,41.18,87,100,20.0,light rain
468,Limoux,FR,42.9167,2.1667,45.73,60,84,8.3,broken clouds
469,Corn Island,NI,12.1694,-83.0418,80.37,63,1,14.43,clear sky
470,Sao Filipe,CV,14.8961,-24.4956,73.81,71,0,10.89,clear sky
471,Nenjiang,CN,49.1833,125.2167,-10.19,98,73,1.19,broken clouds
472,Dharmanagar,IN,24.3667,92.1667,51.84,89,2,2.37,clear sky
473,Kibre Mengist,ET,5.8833,38.9833,61.29,27,38,0.36,scattered clouds
474,Esterhazy,CA,50.65,-102.0843,0.19,87,16,5.17,few clouds
475,Lompoc,US,34.6391,-120.4579,75.13,46,0,1.99,clear sky
476,Kosh-Agach,RU,50.0,88.6667,-22.86,81,49,2.82,scattered clouds
477,Manzhouli,CN,49.6,117.4333,-2.47,98,48,6.06,scattered clouds
478,Khandyga,RU,62.6667,135.6,-39.08,99,100,2.35,overcast clouds
479,Karratha,AU,-20.7377,116.8463,83.79,80,1,5.55,clear sky
480,Atar,MR,20.5169,-13.0499,80.96,8,0,8.86,clear sky
481,Marilandia,BR,-19.4128,-40.5417,85.93,62,31,5.23,scattered clouds
482,Nago,JP,26.5881,127.9761,59.07,70,98,8.21,overcast clouds
483,Saint George,US,37.1041,-113.5841,59.47,23,0,1.01,clear sky
484,San Javier,ES,37.8063,-0.8374,57.22,82,0,1.01,clear sky
485,Mayo,US,38.8876,-76.5119,38.89,39,0,4.0,clear sky
486,Ponerihouen,NC,-21.0833,165.4,78.75,87,100,4.29,light rain
487,Abha,SA,18.2164,42.5053,52.05,82,0,0.0,clear sky
488,Soe,ID,-9.8607,124.284,66.43,92,27,3.29,scattered clouds
489,Hobyo,SO,5.3505,48.5268,76.73,69,65,15.39,broken clouds
490,Meghri,AM,38.9029,46.2446,32.32,59,31,6.49,scattered clouds
491,Mlonggo,ID,-6.5333,110.7,78.82,85,100,9.44,overcast clouds
492,Santa Catalina,PH,9.3337,122.8637,77.52,80,100,12.86,overcast clouds
493,Laguna,US,38.421,-121.4238,65.97,59,0,1.99,clear sky
494,Cotonou,BJ,6.3654,2.4183,80.26,79,8,10.11,clear sky
495,Aktash,RU,50.3,87.7333,-14.44,64,0,5.77,clear sky
496,Tazovskiy,RU,67.4667,78.7,-22.97,100,98,3.36,overcast clouds
497,Solwezi,ZM,-12.1688,26.3894,61.68,98,100,4.21,light rain
498,Griffith,US,41.5284,-87.4237,35.04,69,0,5.01,clear sky
499,Nemuro,JP,43.3236,145.575,24.96,74,97,16.84,overcast clouds
500,Bendorf,DE,50.4333,7.5667,47.71,96,100,1.01,moderate rain
501,Akora,PK,34.0036,72.1261,56.16,43,100,3.69,overcast clouds
502,Jalu,LY,29.0331,21.5482,60.94,28,6,4.76,clear sky
503,Valparaiso,CL,-33.0393,-71.6273,70.52,70,3,9.6,clear sky
504,Tukrah,LY,32.5341,20.5791,57.85,70,100,5.84,overcast clouds
505,Totness,SR,5.8833,-56.3167,81.99,71,92,11.18,overcast clouds
506,Aklavik,CA,68.2191,-135.0107,-18.4,76,75,17.27,broken clouds
507,Santa Isabel Do Rio Negro,BR,-0.4139,-65.0192,86.47,58,100,5.86,light rain
508,Easley,US,34.8298,-82.6015,47.03,40,0,1.99,clear sky
509,Talnakh,RU,69.4865,88.3972,-26.18,98,52,2.53,broken clouds
510,Makakilo City,US,21.3469,-158.0858,74.68,81,75,0.0,drizzle
511,Kruisfontein,ZA,-34.0033,24.7314,75.88,58,100,14.34,overcast clouds
512,Guia De Isora,ES,28.2115,-16.7795,65.12,50,9,3.0,clear sky
513,Karatau,KZ,43.1667,70.4667,35.13,79,84,27.27,light snow
514,Makokou,GA,0.5738,12.8642,77.74,33,2,0.98,clear sky
515,Ust-Kuyga,RU,70.0167,135.6,-40.18,100,100,4.36,overcast clouds
516,Labrea,BR,-7.2586,-64.7981,87.35,62,37,2.98,heavy intensity rain
517,Lasa,IT,46.6166,10.7002,39.94,67,100,4.97,overcast clouds
518,Presidente Bernardes,BR,-22.0061,-51.5531,82.4,68,69,12.46,broken clouds
519,Rumoi,JP,43.9344,141.6428,25.25,84,100,8.32,light snow
520,Rawson,AR,-43.3002,-65.1023,75.85,34,7,15.95,clear sky
521,Aasiaat,GL,68.7098,-52.8699,-0.35,91,100,1.52,overcast clouds
522,Kuzhener,RU,56.8111,48.9128,20.16,96,100,3.51,light snow
523,Avezzano,IT,42.0402,13.4388,47.93,82,27,4.0,scattered clouds
524,Zambezi,ZM,-13.5432,23.1047,66.38,95,100,3.8,moderate rain
525,Viet Tri,VN,21.3019,105.4308,57.15,91,84,1.88,broken clouds
526,Pundaguitan,PH,6.3711,126.1689,80.04,77,100,20.4,overcast clouds
527,Bulgan,MN,48.8125,103.5347,-1.68,84,17,3.89,few clouds
528,Erzin,TR,36.9559,36.2,47.12,81,4,3.67,clear sky
529,Wahiawa,US,21.5028,-158.0236,72.86,83,75,0.0,drizzle
530,Ongandjera,NA,-17.8833,15.0667,73.87,65,100,6.33,light rain
531,Mantua,IT,45.1667,10.7833,46.81,89,96,5.01,overcast clouds
532,Mitu,CO,1.1983,-70.1733,86.29,61,23,3.06,few clouds
533,Minab,IR,27.1467,57.0801,67.5,62,0,2.3,clear sky
534,Iquitos,PE,-3.7481,-73.2472,89.64,62,40,4.61,scattered clouds
535,Ucluelet,CA,48.9329,-125.5528,45.09,92,60,5.44,broken clouds
536,Chapais,CA,49.7834,-74.8492,6.58,93,100,10.71,light snow
537,Calbuco,CL,-41.768,-73.1273,70.81,73,13,8.3,few clouds
538,Selma,US,36.5708,-119.6121,61.02,60,0,3.58,clear sky
539,Haines Junction,CA,60.7522,-137.5108,29.03,92,100,7.07,overcast clouds
540,Palauig,PH,15.435,119.9045,76.91,74,83,5.88,broken clouds
541,Birin,NP,26.8865,88.0718,42.1,84,40,2.26,scattered clouds
542,Makungu,TZ,-8.7333,35.2833,64.06,87,100,4.07,overcast clouds
543,Soyo,AO,-6.1349,12.3689,78.03,83,29,9.95,scattered clouds
544,Ystad,SE,55.4297,13.8204,36.34,80,100,14.97,overcast clouds
545,Samarai,PG,-10.6167,150.6667,81.55,78,100,10.76,overcast clouds
546,Belmonte,BR,-15.8631,-38.8828,84.7,63,6,8.9,clear sky
547,Tashla,RU,51.7716,52.7427,15.98,98,94,3.69,overcast clouds
548,Dicabisagan,PH,17.0818,122.4157,73.27,89,100,13.02,overcast clouds
549,Mollendo,PE,-17.0231,-72.0147,73.56,72,100,7.2,overcast clouds
550,Juneau,US,58.3019,-134.4197,42.22,98,100,14.0,overcast clouds
551,Broken Hill,AU,-31.95,141.4333,70.09,40,3,13.4,clear sky
552,San Cristobal,VE,7.7669,-72.225,79.99,50,62,4.85,broken clouds
553,Gerede,TR,40.8008,32.1969,18.23,93,23,6.13,few clouds
554,Malatya,TR,38.5,38.0,23.05,86,0,5.75,clear sky
555,Calama,CL,-22.4667,-68.9333,77.49,8,0,20.71,clear sky
556,Lake City,US,30.1897,-82.6393,48.99,88,100,7.67,overcast clouds
557,Doha,QA,25.2867,51.5333,62.58,59,0,13.8,clear sky
558,Kakonko,TZ,-3.2828,30.9642,65.82,84,100,2.3,overcast clouds
559,Holland,US,42.7875,-86.1089,34.02,67,90,7.0,overcast clouds
560,Ghanzi,BW,-21.5667,21.7833,75.58,47,89,6.71,overcast clouds
561,Nuristan,AF,35.3,70.8333,10.33,97,100,3.31,light snow
562,Gorontalo,ID,0.5412,123.0595,73.62,95,100,3.62,overcast clouds
563,Byron Bay,AU,-28.65,153.6167,66.87,76,100,15.01,light rain
564,Aripuana,BR,-9.1667,-60.6333,86.85,67,46,2.53,scattered clouds
565,Cozumel,MX,20.5083,-86.9458,77.11,98,100,4.61,overcast clouds
566,Waipawa,NZ,-41.4122,175.5153,57.83,78,100,11.56,overcast clouds
567,Trelew,AR,-43.249,-65.3051,80.55,23,10,16.35,clear sky
568,Yilan,TW,24.757,121.753,62.71,99,100,2.75,overcast clouds
569,Marawi,PH,7.9986,124.2928,64.65,91,25,1.86,scattered clouds
570,Lima,PE,-12.0432,-77.0282,78.91,60,37,5.99,scattered clouds
571,Auki,SB,-8.7676,160.7034,78.87,88,100,7.63,overcast clouds
572,Puri,IN,19.8,85.85,63.12,51,97,4.09,overcast clouds
573,Kawalu,ID,-7.3817,108.2082,73.31,95,100,3.4,overcast clouds
574,Moerai,PF,-22.4333,-151.3333,79.9,75,71,15.95,light rain
575,Texarkana,US,33.4251,-94.0477,54.14,33,0,7.0,clear sky
576,Narovchat,RU,53.8765,43.6946,12.52,96,100,6.29,overcast clouds
577,Batemans Bay,AU,-35.7167,150.1833,63.1,88,70,7.43,broken clouds
578,Sabaudia,IT,41.3003,13.0282,55.89,94,37,4.0,scattered clouds
579,Nanzhang,CN,31.7765,111.8386,30.76,96,100,4.45,light snow
580,Xichang,CN,27.8964,102.2634,42.22,88,85,0.94,overcast clouds
581,Balykshi,KZ,47.0667,51.8667,23.0,93,75,4.47,mist
582,Shimoda,JP,34.6667,138.95,36.1,72,50,10.58,scattered clouds
583,Bitung,ID,1.4451,125.1824,76.05,85,100,9.98,overcast clouds
584,La Palma,US,33.8464,-118.0467,79.93,28,0,1.99,clear sky
585,Bull Savanna,JM,17.8868,-77.5902,79.86,43,1,7.47,clear sky
586,Salalah,OM,17.0151,54.0924,75.29,78,0,3.44,clear sky
587,Suamico,US,44.6319,-88.0393,34.18,71,100,1.01,overcast clouds
588,Isabela,PH,6.7085,121.9711,77.83,79,100,3.85,light rain
589,Samara,RU,53.0,50.0,23.14,97,98,4.76,light snow
590,Alice Springs,AU,-23.7,133.8833,60.35,94,0,4.61,clear sky
591,Cabra,ES,37.4725,-4.4421,56.39,73,12,3.27,few clouds
592,Raha,IN,26.2333,92.5167,56.79,72,6,0.89,clear sky
593,Calderitas,MX,18.55,-88.25,78.91,83,75,11.5,broken clouds
594,Itacoatiara,BR,-3.1431,-58.4442,82.02,76,100,3.15,heavy intensity rain
595,Qiongshan,CN,20.0058,110.3542,67.17,92,100,7.94,overcast clouds
596,Makubetsu,JP,45.3714,141.8211,23.95,89,100,16.89,light snow
597,Aktas,KZ,49.7789,72.9608,6.55,74,6,9.51,clear sky
598,Lodja,CD,-3.4833,23.4333,71.37,89,100,2.48,light rain
599,Sibolga,ID,1.7427,98.7792,75.07,89,100,3.27,overcast clouds
600,Bathsheba,BB,13.2167,-59.5167,83.01,65,40,18.41,scattered clouds
601,Sorland,NO,67.667,12.6934,35.46,62,100,17.34,overcast clouds
602,Tomigusuku,JP,26.185,127.675,58.77,58,100,9.22,overcast clouds
603,Baruun-Urt,MN,46.6806,113.2792,-0.67,88,10,6.55,clear sky
604,Rocha,UY,-34.4833,-54.3333,71.35,44,0,19.66,clear sky
605,Margate,GB,51.3813,1.3862,48.74,66,60,11.01,broken clouds
606,Kirksville,US,40.1948,-92.5833,42.06,59,0,4.0,clear sky
607,Bozoum,CF,6.3193,16.3799,73.89,22,2,3.2,clear sky
608,Vanavara,RU,60.34,102.2797,-13.76,100,93,2.48,overcast clouds
609,Mangrol,IN,21.1167,70.1167,67.12,70,6,9.57,clear sky
610,Taoudenni,ML,22.6783,-3.9836,74.12,10,73,8.55,broken clouds
611,Dhemaji,IN,27.4833,94.5833,53.2,79,1,5.35,clear sky
612,Lancut,PL,50.0687,22.2291,40.55,68,75,16.11,broken clouds
613,Esmeraldas,BR,-19.7625,-44.3139,76.06,92,100,5.86,overcast clouds
614,Itapirapua,BR,-15.8233,-50.6133,85.55,65,57,5.35,broken clouds
615,Maniitsoq,GL,65.4167,-52.9,3.96,72,100,14.61,overcast clouds
616,Quepos,CR,9.4236,-84.1652,95.79,63,7,7.96,clear sky
617,Chapada Dos Guimaraes,BR,-15.4606,-55.7497,76.51,80,100,2.15,overcast clouds
618,Lafiagi,NG,8.8667,5.4167,86.74,13,0,2.39,clear sky
619,Ostersund,SE,63.1792,14.6357,22.6,93,100,2.3,overcast clouds
620,Puerto Del Rosario,ES,28.5004,-13.8627,65.95,82,20,18.41,few clouds
621,Yuzhou,CN,34.1628,113.4639,33.57,47,100,3.31,light snow
622,Sarkand,KZ,45.41,79.9186,21.25,60,26,8.63,scattered clouds
623,Roald,NO,62.5833,6.1333,39.99,81,75,12.66,broken clouds
624,Gornopravdinsk,RU,60.05,69.9,10.83,96,100,6.82,overcast clouds
625,Pitimbu,BR,-7.4706,-34.8086,82.78,61,17,10.89,few clouds
626,Egvekinot,RU,66.3167,-179.1667,-14.57,83,2,7.25,clear sky
627,Shingu,JP,33.7333,135.9833,38.91,73,33,6.02,scattered clouds
628,Merzifon,TR,40.8733,35.4631,24.26,93,40,0.0,scattered clouds
629,Tevriz,RU,57.509,72.4042,1.27,98,100,3.02,overcast clouds
630,Hualmay,PE,-11.0964,-77.6139,74.75,68,70,10.58,broken clouds
631,Nelson Bay,AU,-32.7167,152.15,71.01,67,76,3.0,broken clouds
632,Seymchan,RU,62.8833,152.4333,-41.13,100,57,0.65,broken clouds
633,Kourou,GF,5.1552,-52.6478,82.11,73,100,8.08,light rain
634,Churachandpur,IN,24.3333,93.6667,40.41,93,0,0.87,clear sky
635,Phan Thiet,VN,10.9333,108.1,73.53,78,100,6.53,overcast clouds
636,Hervey Bay,AU,-25.2986,152.8535,66.04,93,18,11.01,light rain
637,Salinas,US,36.6777,-121.6555,67.21,46,0,0.0,clear sky
638,High Level,CA,58.5169,-117.136,34.23,85,28,5.82,scattered clouds
639,Elmira,US,42.0898,-76.8077,30.81,64,99,11.83,overcast clouds
640,Pavlovskiy,RU,57.8424,54.8436,21.02,94,100,7.54,overcast clouds
641,Rudnya,RU,54.947,31.0934,30.09,97,100,15.75,light snow
642,Champasak,LA,14.75,106.0,74.23,67,98,1.34,overcast clouds
643,Arlit,NE,18.7369,7.3853,68.68,9,0,5.28,clear sky
644,Bluefield,US,37.2698,-81.2223,38.98,50,0,1.99,clear sky
645,Gizo,SB,-8.103,156.8419,83.03,78,100,12.8,overcast clouds
646,Pregradnaya,RU,43.9508,41.1994,25.72,90,13,2.44,few clouds
647,Adygeysk,RU,44.88,39.19,33.62,93,75,6.71,broken clouds
648,Kochubey,RU,44.3861,46.5825,37.22,62,97,6.22,overcast clouds
649,Podporozhye,RU,60.9112,34.1706,23.18,92,96,8.93,overcast clouds
650,Tual,ID,-5.6667,132.75,82.83,76,100,6.46,overcast clouds
651,Tigil,RU,57.8,158.6667,2.57,86,69,5.84,broken clouds
652,Kathmandu,NP,27.7167,85.3167,44.82,93,20,2.3,few clouds
653,Kachiry,KZ,53.0675,76.1036,8.87,82,11,10.42,few clouds
654,Turan,VN,16.0678,108.2208,69.78,94,75,1.14,broken clouds
655,Huaicheng,CN,23.9051,112.1931,53.78,97,100,0.89,overcast clouds
656,Busayra,JO,30.7376,35.6078,43.36,70,0,2.37,clear sky
657,Nevelsk,RU,46.6733,141.8633,20.03,84,100,17.9,overcast clouds
658,Churapcha,RU,62.0025,132.4325,-34.58,100,100,3.56,overcast clouds
659,Clinton,US,42.587,-82.9199,33.67,64,20,1.99,snow
660,Bastia,FR,42.6667,9.3333,55.2,87,0,1.01,clear sky
661,Sohbatpur,PK,28.5202,68.5434,64.62,31,64,6.15,broken clouds
662,Dali,CN,25.7,100.1833,36.09,90,14,4.83,few clouds
663,Mercedes,AR,-34.6515,-59.4307,73.78,42,61,16.49,broken clouds
664,Salinopolis,BR,-0.6136,-47.3561,79.2,87,100,8.57,light rain
665,Emmett,US,43.8735,-116.4993,40.55,67,50,1.99,scattered clouds
666,Daman,IN,20.4167,72.85,69.75,63,1,1.72,clear sky
667,Novoagansk,RU,61.9449,76.6625,-5.1,99,9,8.08,clear sky
668,Pedernales,DO,18.0384,-71.744,80.78,61,88,7.05,overcast clouds
669,Sfantu Gheorghe,RO,45.8667,25.7833,35.26,83,100,2.21,overcast clouds
670,Khandagayty,RU,50.7333,92.05,-22.2,96,94,4.97,overcast clouds
671,Saquarema,BR,-22.92,-42.5103,87.82,86,52,8.25,broken clouds
672,Nhulunbuy,AU,-12.2333,136.7667,75.81,94,100,8.05,overcast clouds
673,Wanaka,NZ,-44.7,169.15,48.65,88,100,1.16,overcast clouds
674,Abu Dhabi,AE,24.4667,54.3667,66.31,62,20,1.99,few clouds
675,Ilawa,PL,53.596,19.5685,39.06,97,100,19.66,light rain
676,Muriti,TZ,-1.9833,32.9167,73.02,63,38,2.77,scattered clouds
677,Flagstaff,US,35.1981,-111.6513,48.88,29,0,1.99,clear sky
678,Mandalgovi,MN,45.7625,106.2708,4.59,67,0,5.84,clear sky
679,Ust-Karsk,RU,52.7011,118.8077,-12.62,100,94,1.88,overcast clouds
680,Pangoa,PE,-12.1167,-73.0,79.0,74,100,2.46,overcast clouds
681,Henties Bay,NA,-22.116,14.2845,69.85,80,79,9.53,broken clouds
682,Bandarbeyla,SO,9.4942,50.8122,75.87,72,100,14.9,overcast clouds
683,Sikasso,ML,10.9167,-7.0,83.84,10,0,3.74,clear sky
684,Iralaya,HN,15.0,-83.2333,81.12,57,0,9.78,clear sky
685,Willmar,US,45.1219,-95.0433,13.68,72,100,23.02,overcast clouds
686,Nuyo,PH,7.4181,124.4108,74.77,77,53,5.55,broken clouds
687,Pakokku,MM,21.3333,95.1,64.31,47,98,5.46,overcast clouds
688,Aleksandrov Gay,RU,50.147,48.5704,10.81,94,100,7.31,overcast clouds
689,Burnie,AU,-41.0667,145.9167,58.95,79,12,9.4,few clouds
690,Zyryanka,RU,65.75,150.85,-37.41,100,29,1.88,scattered clouds
691,Bemidji,US,47.4736,-94.8803,12.15,64,0,10.36,clear sky
692,Staryy Nadym,RU,65.6118,72.6842,-20.22,100,73,5.75,broken clouds
693,Vestmannaeyjar,IS,63.4427,-20.2734,33.73,57,100,9.33,overcast clouds
694,Sindor,RU,62.8629,51.8905,16.75,93,100,7.9,overcast clouds
695,Russkaya Polyana,UA,49.417,31.9201,31.87,80,95,11.1,overcast clouds
696,Arbuzynka,UA,47.9097,31.3196,32.34,76,93,9.75,overcast clouds
697,Jaumave,MX,23.4167,-99.3833,60.94,31,7,5.73,clear sky
698,Coihaique,CL,-45.5752,-72.0662,82.35,34,20,6.91,few clouds
699,Manuk Mangkaw,PH,4.8,119.85,80.31,78,34,6.35,scattered clouds
700,Novopavlovka,RU,51.2172,109.2091,-3.21,99,97,2.21,light snow
701,Yerbogachen,RU,61.2767,108.0108,-7.11,100,100,1.95,overcast clouds
702,Fukue,JP,32.6881,128.8419,43.88,62,95,17.6,overcast clouds
703,Buala,SB,-8.145,159.5921,80.69,84,100,8.99,light rain
704,Clarence Town,AU,-32.5833,151.7833,70.86,93,11,3.56,few clouds
705,Bloomsburg,US,41.0037,-76.4549,32.16,59,100,8.25,overcast clouds
706,Chany,RU,55.3121,76.7647,6.71,82,100,6.82,overcast clouds
707,Ojinaga,MX,29.5667,-104.4167,61.57,30,0,8.05,clear sky
708,Mudon,MM,16.2578,97.7164,73.89,80,100,1.9,overcast clouds
709,Vinh,VN,18.6667,105.6667,60.35,86,62,0.94,broken clouds
710,Fujin,CN,47.26,132.0322,-7.02,97,40,6.78,scattered clouds
711,Daltenganj,IN,24.0333,84.0667,52.48,49,7,2.53,clear sky
712,Baghmara,IN,23.795,86.2085,59.38,59,9,3.36,clear sky
713,Somerset,US,40.5668,-74.5496,35.76,50,0,3.0,clear sky
714,Opuwo,NA,-18.0607,13.84,74.61,41,100,6.38,overcast clouds
715,Poum,NC,-20.2333,164.0167,80.08,83,100,9.98,overcast clouds
716,Buraydah,SA,26.326,43.975,55.92,37,0,5.55,clear sky
717,Lagoa,PT,39.05,-27.9833,60.19,85,16,12.15,few clouds
